"날짜","종가","오픈","고가","저가","거래량","변동 %"
"2022년 06월 30일","105.76","109.70","110.45","105.10","362.89K","-3.66%"
"2022년 06월 29일","109.78","111.86","114.05","109.22","322.06K","-1.77%"
"2022년 06월 28일","111.76","110.18","112.22","109.62","306.75K","2.00%"
"2022년 06월 27일","109.57","107.22","110.54","105.60","282.91K","1.81%"
"2022년 06월 24일","107.62","103.99","108.58","103.64","321.59K","3.21%"
"2022년 06월 23일","104.27","104.42","107.05","102.32","346.36K","-1.81%"
"2022년 06월 22일","106.19","109.54","109.76","101.53","432.72K","-4.03%"
"2022년 06월 21일","110.65","110.58","112.47","108.72","28.46K","1.66%"
"2022년 06월 20일","108.84","108.97","109.17","106.84","-","-0.09%"
"2022년 06월 19일","108.94","108.97","109.34","108.78","-","-0.57%"
"2022년 06월 17일","109.56","117.08","118.97","108.25","103.15K","-6.83%"
"2022년 06월 16일","117.59","115.98","118.08","112.31","162.54K","1.98%"
"2022년 06월 15일","115.31","119.07","119.61","114.60","301.75K","-3.04%"
"2022년 06월 14일","118.93","121.09","123.68","116.62","366.32K","-1.65%"
"2022년 06월 13일","120.93","120.19","122.25","117.47","372.40K","0.22%"
"2022년 06월 10일","120.67","121.46","122.75","118.33","352.91K","-0.69%"
"2022년 06월 09일","121.51","122.43","122.72","120.79","293.30K","-0.49%"
"2022년 06월 08일","122.11","119.79","123.18","119.30","340.59K","2.26%"
"2022년 06월 07일","119.41","119.10","120.36","117.14","341.69K","0.77%"
"2022년 06월 06일","118.50","120.82","120.99","117.63","246.83K","-0.31%"
"2022년 06월 03일","118.87","117.55","120.46","115.23","240.83K","1.71%"
"2022년 06월 02일","116.87","114.80","117.77","111.20","327.60K","1.40%"
"2022년 06월 01일","115.26","115.40","117.87","114.58","290.53K","0.51%"
"2022년 05월 31일","114.67","114.96","119.98","114.15","440.80K","-2.50%"
"2022년 05월 30일","117.61","115.58","117.79","115.39","-","1.73%"
"2022년 05월 29일","115.61","115.30","115.81","115.20","-","0.47%"
"2022년 05월 27일","115.07","114.20","115.30","112.85","217.28K","0.86%"
"2022년 05월 26일","114.09","110.69","114.83","110.27","234.75K","3.41%"
"2022년 05월 25일","110.33","110.39","111.68","109.23","191.37K","0.51%"
"2022년 05월 24일","109.77","110.41","111.43","108.61","224.79K","-0.47%"
"2022년 05월 23일","110.29","110.56","111.96","109.15","215.62K","-2.60%"
"2022년 05월 20일","113.23","111.45","114.04","110.85","20.00K","0.91%"
"2022년 05월 19일","112.21","109.09","112.62","105.13","68.51K","2.39%"
"2022년 05월 18일","109.59","113.66","115.42","108.46","103.67K","-2.50%"
"2022년 05월 17일","112.40","113.87","115.56","111.75","252.63K","-1.58%"
"2022년 05월 16일","114.20","110.98","114.90","108.11","289.13K","3.36%"
"2022년 05월 13일","110.49","106.65","110.64","106.29","240.99K","4.11%"
"2022년 05월 12일","106.13","105.63","107.37","102.66","323.55K","0.40%"
"2022년 05월 11일","105.71","99.00","106.44","98.20","382.70K","5.96%"
"2022년 05월 10일","99.76","102.65","104.16","98.86","389.75K","-3.23%"
"2022년 05월 09일","103.09","110.43","110.49","102.13","368.18K","-6.09%"
"2022년 05월 06일","109.77","108.70","111.18","107.24","294.28K","1.39%"
"2022년 05월 05일","108.26","107.58","111.37","106.45","286.92K","0.42%"
"2022년 05월 04일","107.81","103.50","108.61","102.95","272.91K","5.27%"
"2022년 05월 03일","102.41","105.08","105.80","102.10","239.27K","-2.62%"
"2022년 05월 02일","105.17","104.00","105.94","100.28","261.88K","0.46%"
"2022년 04월 29일","104.69","105.17","107.99","103.78","294.39K","-0.64%"
"2022년 04월 28일","105.36","102.11","105.68","100.13","312.06K","3.27%"
"2022년 04월 27일","102.02","101.76","102.99","99.80","278.78K","0.31%"
"2022년 04월 26일","101.70","98.64","102.78","97.06","351.85K","3.21%"
"2022년 04월 25일","98.54","101.38","101.55","95.28","328.15K","-3.46%"
"2022년 04월 22일","102.07","104.07","104.22","101.06","246.12K","-1.66%"
"2022년 04월 21일","103.79","102.50","105.42","102.01","280.32K","1.01%"
"2022년 04월 20일","102.75","103.05","104.16","100.70","17.02K","0.19%"
"2022년 04월 19일","102.56","107.75","108.92","102.10","71.79K","-5.22%"
"2022년 04월 18일","108.21","107.03","109.81","106.00","68.49K","1.18%"
"2022년 04월 14일","106.95","104.20","107.64","102.12","244.95K","2.59%"
"2022년 04월 13일","104.25","100.91","104.47","99.87","312.50K","3.63%"
"2022년 04월 12일","100.60","95.17","101.35","94.84","329.04K","6.69%"
"2022년 04월 11일","94.29","98.40","98.52","92.93","315.87K","-4.04%"
"2022년 04월 08일","98.26","97.17","98.76","95.29","310.08K","2.32%"
"2022년 04월 07일","96.03","97.16","98.82","93.81","367.32K","-0.21%"
"2022년 04월 06일","96.23","101.24","104.02","95.73","366.04K","-5.62%"
"2022년 04월 05일","101.96","103.66","105.59","99.88","280.28K","-1.28%"
"2022년 04월 04일","103.28","98.95","103.94","98.05","288.13K","4.04%"
"2022년 04월 01일","99.27","101.23","101.75","97.78","324.78K","-1.01%"
"2022년 03월 31일","100.28","107.45","107.80","99.66","450.85K","-6.99%"
"2022년 03월 30일","107.82","105.24","108.75","104.55","284.54K","3.43%"
"2022년 03월 29일","104.24","103.47","107.84","98.44","387.20K","-1.62%"
"2022년 03월 28일","105.96","112.92","112.93","102.83","372.25K","-6.97%"
"2022년 03월 25일","113.90","111.75","114.12","108.68","320.30K","1.39%"
"2022년 03월 24일","112.34","114.47","116.64","110.61","307.24K","-2.25%"
"2022년 03월 23일","114.93","108.85","115.40","108.38","289.18K","2.84%"
"2022년 03월 22일","111.76","112.90","115.01","109.30","22.94K","-0.32%"
"2022년 03월 21일","112.12","105.13","112.69","104.08","77.22K","7.09%"
"2022년 03월 18일","104.70","103.62","106.28","102.30","74.25K","1.67%"
"2022년 03월 17일","102.98","95.34","104.24","94.85","210.76K","8.35%"
"2022년 03월 16일","95.04","95.23","99.22","94.07","293.95K","-1.45%"
"2022년 03월 15일","96.44","102.28","102.58","93.53","401.69K","-6.38%"
"2022년 03월 14일","103.01","109.42","109.72","99.76","344.18K","-5.78%"
"2022년 03월 11일","109.33","105.99","110.29","104.48","368.19K","3.12%"
"2022년 03월 10일","106.02","110.41","114.88","105.53","437.92K","-2.47%"
"2022년 03월 09일","108.70","124.66","126.84","103.63","594.77K","-12.13%"
"2022년 03월 08일","123.70","120.67","129.44","117.07","583.11K","3.60%"
"2022년 03월 07일","119.40","121.33","130.50","115.54","576.02K","3.22%"
"2022년 03월 04일","115.68","107.96","116.02","107.25","493.88K","7.44%"
"2022년 03월 03일","107.67","111.33","116.57","106.43","592.03K","-2.65%"
"2022년 03월 02일","110.60","107.12","112.51","105.18","651.85K","6.95%"
"2022년 03월 01일","103.41","96.09","106.78","95.32","698.81K","8.03%"
"2022년 02월 28일","95.72","94.99","99.10","94.43","490.80K","4.51%"
"2022년 02월 25일","91.59","93.32","95.64","90.06","523.79K","-1.31%"
"2022년 02월 24일","92.81","92.52","100.54","91.45","872.24K","0.77%"
"2022년 02월 23일","92.10","91.74","93.90","90.64","440.57K","-0.27%"
"2022년 02월 22일","92.35","91.75","96.00","90.35","40.75K","-0.32%"
"2022년 02월 21일","92.65","91.62","93.91","89.08","-","1.12%"
"2022년 02월 20일","91.62","91.22","91.74","91.08","-","0.60%"
"2022년 02월 18일","91.07","91.63","92.66","89.03","150.38K","-0.75%"
"2022년 02월 17일","91.76","90.90","93.36","90.62","212.55K","-2.03%"
"2022년 02월 16일","93.66","92.21","95.01","90.00","401.45K","1.73%"
"2022년 02월 15일","92.07","94.83","95.17","90.66","442.64K","-3.55%"
"2022년 02월 14일","95.46","93.91","95.82","92.09","467.07K","2.53%"
"2022년 02월 11일","93.10","90.00","94.66","89.19","554.42K","3.58%"
"2022년 02월 10일","89.88","90.01","91.74","89.03","492.09K","0.25%"
"2022년 02월 09일","89.66","89.86","90.58","88.41","445.62K","0.34%"
"2022년 02월 08일","89.36","91.64","91.68","88.51","467.39K","-2.15%"
"2022년 02월 07일","91.32","91.82","92.73","90.73","497.75K","-1.07%"
"2022년 02월 04일","92.31","90.19","93.17","90.07","410.93K","2.26%"
"2022년 02월 03일","90.27","87.98","90.45","86.75","465.77K","2.28%"
"2022년 02월 02일","88.26","88.35","89.72","87.10","456.86K","0.07%"
"2022년 02월 01일","88.20","88.15","88.87","86.55","376.84K","0.06%"
"2022년 01월 31일","88.15","87.45","88.39","86.34","359.08K","1.53%"
"2022년 01월 28일","86.82","87.50","88.84","86.44","436.17K","0.24%"
"2022년 01월 27일","86.61","87.15","88.54","86.20","427.80K","-0.85%"
"2022년 01월 26일","87.35","85.26","87.95","85.01","459.64K","2.04%"
"2022년 01월 25일","85.60","84.15","85.71","82.99","507.22K","2.75%"
"2022년 01월 24일","83.31","84.91","86.09","81.90","511.70K","-2.15%"
"2022년 01월 21일","85.14","84.57","85.56","82.78","509.10K","-2.03%"
"2022년 01월 20일","86.90","86.23","87.82","86.00","30.39K","-0.07%"
"2022년 01월 19일","86.96","86.61","87.91","85.77","113.15K","1.79%"
"2022년 01월 18일","85.43","84.32","86.63","83.50","163.64K","2.08%"
"2022년 01월 17일","83.69","83.84","83.95","82.94","-","-0.17%"
"2022년 01월 16일","83.83","83.78","84.09","83.68","-","0.01%"
"2022년 01월 14일","83.82","81.73","84.45","81.58","364.44K","2.07%"
"2022년 01월 13일","82.12","82.82","82.94","81.39","364.77K","-0.63%"
"2022년 01월 12일","82.64","81.38","83.10","81.17","420.62K","1.75%"
"2022년 01월 11일","81.22","78.42","81.59","78.36","481.82K","3.82%"
"2022년 01월 10일","78.23","78.88","79.45","77.83","389.96K","-0.85%"
"2022년 01월 07일","78.90","79.62","80.47","78.52","414.43K","-0.70%"
"2022년 01월 06일","79.46","77.24","80.24","76.73","476.67K","2.07%"
"2022년 01월 05일","77.85","77.18","78.58","76.51","397.90K","1.12%"
"2022년 01월 04일","76.99","76.02","77.64","75.70","372.85K","1.20%"
"2022년 01월 03일","76.08","75.69","76.46","74.27","317.63K","1.16%"
"2021년 12월 31일","75.21","76.66","77.08","74.95","237.12K","-2.31%"
"2021년 12월 30일","76.99","76.58","77.44","75.78","231.16K","0.56%"
"2021년 12월 29일","76.56","76.04","77.37","75.36","283.56K","0.76%"
"2021년 12월 28일","75.98","75.97","76.92","75.53","249.73K","0.54%"
"2021년 12월 27일","75.57","73.38","76.09","72.57","268.49K","2.41%"
"2021년 12월 23일","73.79","73.03","73.95","72.27","270.22K","1.42%"
"2021년 12월 22일","72.76","71.27","73.16","70.80","306.71K","2.31%"
"2021년 12월 21일","71.12","69.21","71.55","68.56","358.78K","4.24%"
"2021년 12월 20일","68.23","70.07","70.07","66.04","36.73K","-3.71%"
"2021년 12월 17일","70.86","71.92","72.26","69.89","78.13K","-2.10%"
"2021년 12월 16일","72.38","71.48","72.99","71.03","142.54K","2.13%"
"2021년 12월 15일","70.87","70.35","71.66","69.39","294.34K","0.20%"
"2021년 12월 14일","70.73","71.12","72.03","69.51","359.45K","-0.79%"
"2021년 12월 13일","71.29","72.04","73.00","70.71","406.60K","-0.53%"
"2021년 12월 10일","71.67","70.68","72.33","70.32","397.88K","1.03%"
"2021년 12월 09일","70.94","72.52","73.34","70.39","393.21K","-1.96%"
"2021년 12월 08일","72.36","71.86","73.00","70.91","464.85K","0.43%"
"2021년 12월 07일","72.05","69.72","73.03","69.52","496.53K","3.68%"
"2021년 12월 06일","69.49","67.02","70.15","66.72","401.06K","4.87%"
"2021년 12월 03일","66.26","67.50","69.22","65.60","449.97K","-0.36%"
"2021년 12월 02일","66.50","65.63","67.49","62.43","668.29K","1.42%"
"2021년 12월 01일","65.57","67.01","69.49","64.84","602.45K","-0.92%"
"2021년 11월 30일","66.18","70.04","71.22","64.43","722.48K","-5.39%"
"2021년 11월 29일","69.95","69.23","72.93","68.86","675.09K","2.64%"
"2021년 11월 26일","68.15","78.34","78.65","67.40","844.63K","-11.96%"
"2021년 11월 25일","77.41","78.38","78.65","77.28","-","-1.25%"
"2021년 11월 24일","78.39","78.48","79.23","77.98","328.85K","-0.14%"
"2021년 11월 23일","78.50","76.46","78.86","75.30","506.99K","2.28%"
"2021년 11월 22일","76.75","75.75","77.16","74.76","465.77K","0.85%"
"2021년 11월 19일","76.10","78.76","79.92","75.37","30.70K","-3.68%"
"2021년 11월 18일","79.01","78.34","79.36","77.08","83.98K","0.83%"
"2021년 11월 17일","78.36","80.54","80.69","77.69","174.47K","-2.97%"
"2021년 11월 16일","80.76","80.93","81.81","80.03","325.67K","-0.15%"
"2021년 11월 15일","80.88","80.66","81.20","79.30","343.48K","0.11%"
"2021년 11월 12일","80.79","81.21","81.62","79.78","390.30K","-0.98%"
"2021년 11월 11일","81.59","81.41","82.33","80.20","475.44K","0.31%"
"2021년 11월 10일","81.34","84.53","84.97","80.81","555.22K","-3.34%"
"2021년 11월 09일","84.15","82.16","84.63","81.78","504.83K","2.71%"
"2021년 11월 08일","81.93","81.13","82.67","81.05","393.95K","0.81%"
"2021년 11월 05일","81.27","79.37","81.80","78.96","531.05K","3.12%"
"2021년 11월 04일","78.81","80.18","83.42","78.25","701.12K","-2.54%"
"2021년 11월 03일","80.86","83.07","83.08","79.69","546.58K","-3.63%"
"2021년 11월 02일","83.91","83.87","84.41","82.92","429.61K","-0.17%"
"2021년 11월 01일","84.05","83.36","84.88","82.74","412.31K","0.57%"
"2021년 10월 29일","83.57","83.09","83.74","81.41","507.31K","0.92%"
"2021년 10월 28일","82.81","82.25","83.21","80.58","491.59K","0.18%"
"2021년 10월 27일","82.66","84.39","84.51","82.01","529.95K","-2.35%"
"2021년 10월 26일","84.65","83.72","84.88","82.97","467.72K","1.06%"
"2021년 10월 25일","83.76","83.98","85.41","83.39","568.73K","0.00%"
"2021년 10월 22일","83.76","82.61","84.22","81.76","465.36K","1.53%"
"2021년 10월 21일","82.50","83.58","83.96","80.79","567.50K","-1.63%"
"2021년 10월 20일","83.87","83.34","84.25","81.30","25.72K","1.10%"
"2021년 10월 19일","82.96","82.37","83.74","81.80","82.61K","0.63%"
"2021년 10월 18일","82.44","82.60","83.87","81.84","134.10K","0.19%"
"2021년 10월 15일","82.28","81.48","82.66","81.39","277.95K","1.19%"
"2021년 10월 14일","81.31","80.59","81.68","80.38","399.81K","1.08%"
"2021년 10월 13일","80.44","80.58","81.04","79.42","487.22K","-0.25%"
"2021년 10월 12일","80.64","80.50","81.62","79.47","598.18K","0.15%"
"2021년 10월 11일","80.52","79.59","82.18","79.55","653.76K","1.47%"
"2021년 10월 08일","79.35","78.86","80.11","78.63","662.01K","1.34%"
"2021년 10월 07일","78.30","77.00","78.89","74.96","545.01K","1.12%"
"2021년 10월 06일","77.43","79.04","79.78","76.83","459.06K","-1.90%"
"2021년 10월 05일","78.93","77.58","79.48","77.47","449.62K","1.69%"
"2021년 10월 04일","77.62","75.90","78.38","75.32","458.01K","2.29%"
"2021년 10월 01일","75.88","75.12","75.99","74.23","389.00K","1.13%"
"2021년 09월 30일","75.03","74.78","76.07","73.14","583.19K","0.27%"
"2021년 09월 29일","74.83","74.38","75.79","73.74","424.19K","-0.61%"
"2021년 09월 28일","75.29","75.43","76.67","74.24","476.14K","-0.21%"
"2021년 09월 27일","75.45","74.19","75.75","74.16","417.83K","1.99%"
"2021년 09월 24일","73.98","73.24","74.27","72.81","350.38K","0.93%"
"2021년 09월 23일","73.30","71.97","73.50","71.61","403.41K","1.48%"
"2021년 09월 22일","72.23","70.85","72.30","70.64","381.06K","2.37%"
"2021년 09월 21일","70.56","70.59","71.63","69.67","37.61K","0.38%"
"2021년 09월 20일","70.29","71.92","72.08","69.86","75.84K","-2.33%"
"2021년 09월 17일","71.97","72.62","72.72","71.21","119.93K","-0.88%"
"2021년 09월 16일","72.61","72.65","72.99","71.53","298.41K","0.00%"
"2021년 09월 15일","72.61","70.76","73.14","70.65","418.67K","3.05%"
"2021년 09월 14일","70.46","70.64","71.22","69.98","414.23K","0.01%"
"2021년 09월 13일","70.45","69.74","70.97","69.51","390.94K","1.05%"
"2021년 09월 10일","69.72","67.97","69.96","67.68","411.08K","2.32%"
"2021년 09월 09일","68.14","69.36","69.89","67.56","556.45K","-1.67%"
"2021년 09월 08일","69.30","68.37","69.75","68.31","389.33K","1.39%"
"2021년 09월 07일","68.35","69.11","69.48","67.64","481.70K","-0.65%"
"2021년 09월 06일","68.80","68.75","69.47","68.27","-","0.07%"
"2021년 09월 05일","68.75","69.22","69.23","68.73","-","-0.78%"
"2021년 09월 03일","69.29","69.76","70.53","69.05","313.09K","-1.00%"
"2021년 09월 02일","69.99","68.29","70.61","67.84","403.31K","2.04%"
"2021년 09월 01일","68.59","68.55","69.24","67.12","399.50K","0.13%"
"2021년 08월 31일","68.50","69.18","69.34","68.16","325.85K","-1.03%"
"2021년 08월 30일","69.21","69.30","69.64","67.67","360.80K","0.68%"
"2021년 08월 27일","68.74","67.75","69.05","67.52","326.06K","1.96%"
"2021년 08월 26일","67.42","68.00","68.31","67.02","344.29K","-1.38%"
"2021년 08월 25일","68.36","67.63","68.54","66.92","353.74K","1.21%"
"2021년 08월 24일","67.54","65.54","67.80","65.41","335.89K","2.89%"
"2021년 08월 23일","65.64","61.96","66.00","61.74","397.29K","5.33%"
"2021년 08월 20일","62.32","64.05","64.10","62.11","24.63K","-2.15%"
"2021년 08월 19일","63.69","64.58","64.76","62.63","88.24K","-2.70%"
"2021년 08월 18일","65.46","66.58","67.48","64.34","121.20K","-1.70%"
"2021년 08월 17일","66.59","67.43","67.72","66.33","235.30K","-1.04%"
"2021년 08월 16일","67.29","67.71","68.27","65.73","334.84K","-1.68%"
"2021년 08월 13일","68.44","68.91","69.22","67.77","272.03K","-0.94%"
"2021년 08월 12일","69.09","69.36","69.62","68.46","352.47K","-0.23%"
"2021년 08월 11일","69.25","68.51","69.45","66.67","513.29K","1.41%"
"2021년 08월 10일","68.29","66.85","68.90","66.56","452.13K","2.72%"
"2021년 08월 09일","66.48","67.88","67.90","65.15","598.38K","-2.64%"
"2021년 08월 06일","68.28","69.14","70.18","67.80","537.14K","-1.17%"
"2021년 08월 05일","69.09","68.06","69.35","67.61","416.33K","1.38%"
"2021년 08월 04일","68.15","70.32","70.81","67.85","582.92K","-3.42%"
"2021년 08월 03일","70.56","71.52","71.96","69.19","509.94K","-0.98%"
"2021년 08월 02일","71.26","73.91","73.95","70.55","448.20K","-3.64%"
"2021년 07월 30일","73.95","73.41","74.23","72.93","303.70K","0.45%"
"2021년 07월 29일","73.62","72.40","73.68","72.26","294.46K","1.70%"
"2021년 07월 28일","72.39","71.90","72.60","71.70","318.91K","1.03%"
"2021년 07월 27일","71.65","72.22","72.33","71.08","333.12K","-0.36%"
"2021년 07월 26일","71.91","72.18","72.43","70.56","395.74K","-0.22%"
"2021년 07월 23일","72.07","71.71","72.21","71.39","274.78K","0.22%"
"2021년 07월 22일","71.91","70.22","72.03","69.86","435.18K","2.29%"
"2021년 07월 21일","70.30","66.45","70.51","66.44","503.03K","4.27%"
"2021년 07월 20일","67.42","66.60","67.65","65.21","29.74K","1.51%"
"2021년 07월 19일","66.42","71.49","71.67","65.63","82.57K","-7.51%"
"2021년 07월 16일","71.81","71.48","72.30","70.41","133.93K","0.22%"
"2021년 07월 15일","71.65","72.96","72.96","71.40","368.68K","-2.02%"
"2021년 07월 14일","73.13","75.17","75.44","72.21","528.36K","-2.82%"
"2021년 07월 13일","75.25","74.18","75.52","73.68","444.08K","1.55%"
"2021년 07월 12일","74.10","74.74","74.93","73.16","397.93K","-0.62%"
"2021년 07월 09일","74.56","73.26","74.76","72.72","422.15K","2.22%"
"2021년 07월 08일","72.94","72.17","73.26","70.76","529.69K","1.02%"
"2021년 07월 07일","72.20","73.85","74.86","71.07","607.97K","-1.59%"
"2021년 07월 06일","73.37","75.35","76.98","72.94","714.04K","-3.78%"
"2021년 07월 05일","76.25","75.15","76.40","74.75","-","1.48%"
"2021년 07월 04일","75.14","75.22","75.28","75.00","-","-0.03%"
"2021년 07월 02일","75.16","75.02","75.62","74.41","377.53K","-0.09%"
"2021년 07월 01일","75.23","73.50","76.22","73.39","615.68K","2.40%"
"2021년 06월 30일","73.47","73.47","74.14","72.82","383.63K","0.67%"
"2021년 06월 29일","72.98","72.78","73.81","71.97","321.45K","0.10%"
"2021년 06월 28일","72.91","73.99","74.45","72.62","354.70K","-1.54%"
"2021년 06월 25일","74.05","73.32","74.18","72.85","364.72K","1.02%"
"2021년 06월 24일","73.30","73.28","73.61","72.32","334.83K","0.30%"
"2021년 06월 23일","73.08","72.91","74.25","72.82","429.21K","0.03%"
"2021년 06월 22일","73.06","73.41","73.95","72.94","29.00K","-0.81%"
"2021년 06월 21일","73.66","71.52","73.96","71.15","123.66K","2.82%"
"2021년 06월 18일","71.64","71.10","72.17","70.16","139.58K","0.84%"
"2021년 06월 17일","71.04","71.65","72.30","69.77","373.78K","-1.54%"
"2021년 06월 16일","72.15","72.45","72.99","71.61","426.78K","0.04%"
"2021년 06월 15일","72.12","71.16","72.49","70.81","336.04K","1.75%"
"2021년 06월 14일","70.88","70.65","71.78","70.65","319.64K","-0.04%"
"2021년 06월 11일","70.91","70.10","71.24","69.68","563.58K","0.88%"
"2021년 06월 10일","70.29","69.76","70.65","68.68","492.46K","0.47%"
"2021년 06월 09일","69.96","70.01","70.62","69.46","410.82K","-0.13%"
"2021년 06월 08일","70.05","69.29","70.27","68.47","441.30K","1.18%"
"2021년 06월 07일","69.23","69.52","70.00","68.93","365.62K","-0.56%"
"2021년 06월 04일","69.62","68.91","69.76","68.33","326.25K","1.18%"
"2021년 06월 03일","68.81","68.76","69.40","68.19","351.37K","-0.03%"
"2021년 06월 02일","68.83","67.99","69.00","67.78","333.00K","1.64%"
"2021년 06월 01일","67.72","66.68","68.87","66.41","570.99K","1.14%"
"2021년 05월 31일","66.96","66.58","67.41","66.41","-","0.56%"
"2021년 05월 30일","66.59","66.70","66.75","66.53","-","0.41%"
"2021년 05월 28일","66.32","66.95","67.52","66.17","390.46K","-0.79%"
"2021년 05월 27일","66.85","66.16","66.92","65.47","337.54K","0.97%"
"2021년 05월 26일","66.21","66.04","66.43","65.25","376.21K","0.21%"
"2021년 05월 25일","66.07","66.02","66.51","65.41","497.39K","0.03%"
"2021년 05월 24일","66.05","63.87","66.14","63.63","466.65K","3.88%"
"2021년 05월 21일","63.58","61.89","64.07","61.56","530.83K","2.47%"
"2021년 05월 20일","62.05","63.39","63.96","61.89","29.62K","-2.07%"
"2021년 05월 19일","63.36","65.28","65.35","61.95","101.90K","-3.25%"
"2021년 05월 18일","65.49","66.33","67.01","64.11","167.35K","-1.18%"
"2021년 05월 17일","66.27","65.50","66.43","64.83","268.48K","1.38%"
"2021년 05월 14일","65.37","63.83","65.62","63.33","383.75K","2.43%"
"2021년 05월 13일","63.82","65.75","65.81","63.09","547.69K","-3.42%"
"2021년 05월 12일","66.08","65.46","66.63","64.97","508.52K","1.23%"
"2021년 05월 11일","65.28","64.90","65.50","63.68","514.95K","0.55%"
"2021년 05월 10일","64.92","65.57","65.75","63.95","448.34K","0.03%"
"2021년 05월 07일","64.90","64.90","65.24","63.90","431.42K","0.29%"
"2021년 05월 06일","64.71","65.27","65.98","64.50","389.21K","-1.40%"
"2021년 05월 05일","65.63","66.45","66.76","64.92","460.07K","-0.09%"
"2021년 05월 04일","65.69","64.53","66.19","64.29","370.21K","1.86%"
"2021년 05월 03일","64.49","63.64","64.68","62.91","285.97K","1.43%"
"2021년 04월 30일","63.58","64.88","64.95","63.08","400.52K","-2.20%"
"2021년 04월 29일","65.01","63.70","65.47","63.65","384.49K","1.80%"
"2021년 04월 28일","63.86","63.04","64.53","62.67","387.68K","1.46%"
"2021년 04월 27일","62.94","61.97","63.30","61.91","361.54K","1.66%"
"2021년 04월 26일","61.91","62.06","62.31","60.66","366.87K","-0.37%"
"2021년 04월 23일","62.14","61.65","62.43","61.25","345.41K","1.16%"
"2021년 04월 22일","61.43","61.11","61.87","60.61","344.70K","0.13%"
"2021년 04월 21일","61.35","62.39","62.56","60.86","431.49K","-1.75%"
"2021년 04월 20일","62.44","63.47","64.25","61.50","33.04K","-1.48%"
"2021년 04월 19일","63.38","62.98","63.63","62.63","74.38K","0.40%"
"2021년 04월 16일","63.13","63.32","63.88","62.83","87.80K","-0.52%"
"2021년 04월 15일","63.46","62.83","63.57","62.53","243.37K","0.49%"
"2021년 04월 14일","63.15","60.44","63.44","60.38","419.81K","4.94%"
"2021년 04월 13일","60.18","59.64","60.59","59.64","349.73K","0.80%"
"2021년 04월 12일","59.70","59.35","60.77","58.73","410.22K","0.64%"
"2021년 04월 09일","59.32","59.76","59.95","59.10","351.44K","-0.47%"
"2021년 04월 08일","59.60","59.52","59.93","58.82","419.91K","-0.28%"
"2021년 04월 07일","59.77","59.26","60.04","58.12","475.54K","0.74%"
"2021년 04월 06일","59.33","58.80","60.90","58.62","457.35K","1.16%"
"2021년 04월 05일","58.65","61.50","61.50","57.63","438.86K","-4.56%"
"2021년 04월 01일","61.45","59.49","61.75","58.86","605.57K","3.87%"
"2021년 03월 31일","59.16","60.45","61.17","58.85","414.16K","-2.30%"
"2021년 03월 30일","60.55","61.96","62.27","59.94","388.19K","-1.64%"
"2021년 03월 29일","61.56","60.93","61.77","59.41","449.36K","0.97%"
"2021년 03월 26일","60.97","58.48","61.36","58.32","472.00K","4.12%"
"2021년 03월 25일","58.56","60.80","60.86","57.44","580.11K","-4.28%"
"2021년 03월 24일","61.18","57.40","61.34","57.29","566.29K","5.92%"
"2021년 03월 23일","57.76","61.28","61.35","57.25","712.32K","-6.16%"
"2021년 03월 22일","61.55","61.55","61.90","60.39","28.26K","0.21%"
"2021년 03월 19일","61.42","59.56","61.72","58.94","84.17K","2.37%"
"2021년 03월 18일","60.00","64.42","64.82","58.20","143.60K","-7.12%"
"2021년 03월 17일","64.60","64.75","65.34","63.60","254.72K","-0.31%"
"2021년 03월 16일","64.80","65.33","65.43","63.80","317.54K","-0.90%"
"2021년 03월 15일","65.39","65.56","66.40","64.13","378.01K","-0.34%"
"2021년 03월 12일","65.61","65.96","66.24","65.41","321.71K","-0.62%"
"2021년 03월 11일","66.02","64.70","66.21","64.54","441.06K","2.45%"
"2021년 03월 10일","64.44","63.84","64.96","63.13","498.49K","0.67%"
"2021년 03월 09일","64.01","64.73","65.98","63.63","554.56K","-1.60%"
"2021년 03월 08일","65.05","66.68","67.98","64.57","533.38K","-1.57%"
"2021년 03월 05일","66.09","64.16","66.42","63.82","573.17K","3.54%"
"2021년 03월 04일","63.83","61.08","64.86","60.52","694.63K","4.16%"
"2021년 03월 03일","61.28","59.55","61.99","59.24","465.31K","2.56%"
"2021년 03월 02일","59.75","60.23","61.21","59.38","464.13K","-1.47%"
"2021년 03월 01일","60.64","61.95","62.92","59.96","456.68K","-1.40%"
"2021년 02월 26일","61.50","63.46","63.57","61.34","472.72K","-3.20%"
"2021년 02월 25일","63.53","63.39","63.81","62.65","510.36K","0.49%"
"2021년 02월 24일","63.22","61.29","63.51","60.97","489.93K","2.51%"
"2021년 02월 23일","61.67","62.16","63.00","60.67","570.68K","0.29%"
"2021년 02월 22일","61.49","58.88","61.84","58.82","37.04K","3.80%"
"2021년 02월 19일","59.24","60.20","60.29","58.59","102.43K","-2.12%"
"2021년 02월 18일","60.52","61.68","62.26","59.79","132.04K","-1.01%"
"2021년 02월 17일","61.14","60.24","61.73","59.43","335.42K","1.82%"
"2021년 02월 16일","60.05","59.98","60.95","59.33","602.33K","-0.07%"
"2021년 02월 15일","60.09","60.36","60.95","59.96","-","-0.46%"
"2021년 02월 14일","60.37","60.01","60.75","60.01","-","1.51%"
"2021년 02월 12일","59.47","57.94","59.82","57.41","480.82K","2.11%"
"2021년 02월 11일","58.24","58.40","58.71","57.84","380.45K","-0.75%"
"2021년 02월 10일","58.68","58.45","58.91","58.08","457.54K","0.55%"
"2021년 02월 09일","58.36","58.11","58.62","57.27","514.70K","0.67%"
"2021년 02월 08일","57.97","57.06","58.14","57.00","399.72K","1.97%"
"2021년 02월 05일","56.85","56.46","57.29","56.43","400.83K","1.10%"
"2021년 02월 04일","56.23","55.96","56.58","55.30","381.40K","0.97%"
"2021년 02월 03일","55.69","55.05","56.33","54.81","448.69K","1.70%"
"2021년 02월 02일","54.76","53.48","55.26","53.45","463.72K","2.26%"
"2021년 02월 01일","53.55","51.99","53.74","51.64","416.07K","2.59%"
"2021년 01월 29일","52.20","52.15","53.25","51.93","410.91K","-0.27%"
"2021년 01월 28일","52.34","52.65","53.58","52.04","411.41K","-0.96%"
"2021년 01월 27일","52.85","52.76","53.30","51.85","442.38K","0.46%"
"2021년 01월 26일","52.61","52.91","53.25","52.29","314.54K","-0.30%"
"2021년 01월 25일","52.77","52.17","52.95","51.82","349.08K","0.96%"
"2021년 01월 22일","52.27","53.10","53.16","51.44","437.48K","-1.62%"
"2021년 01월 21일","53.13","52.93","53.41","52.75","352.40K","-0.21%"
"2021년 01월 20일","53.24","53.13","53.79","53.05","37.84K","0.49%"
"2021년 01월 19일","52.98","52.00","53.13","51.76","125.96K","1.18%"
"2021년 01월 18일","52.36","52.20","52.61","51.83","-","0.31%"
"2021년 01월 17일","52.20","52.09","52.38","52.09","-","-0.31%"
"2021년 01월 15일","52.36","53.80","53.83","51.83","165.67K","-2.26%"
"2021년 01월 14일","53.57","52.84","53.75","52.24","390.09K","1.25%"
"2021년 01월 13일","52.91","53.31","53.93","52.58","429.90K","-0.56%"
"2021년 01월 12일","53.21","52.18","53.45","52.07","400.20K","1.84%"
"2021년 01월 11일","52.25","52.58","52.70","51.50","394.82K","0.02%"
"2021년 01월 08일","52.24","50.93","52.75","50.81","499.42K","2.77%"
"2021년 01월 07일","50.83","50.53","51.28","50.39","369.29K","0.40%"
"2021년 01월 06일","50.63","49.82","50.94","49.48","509.37K","1.40%"
"2021년 01월 05일","49.93","47.38","50.20","47.24","643.19K","4.85%"
"2021년 01월 04일","47.62","48.40","49.83","47.18","528.53K","-1.85%"
"2020년 12월 31일","48.52","48.35","48.58","47.77","181.89K","0.25%"
"2020년 12월 30일","48.40","48.13","48.66","47.61","266.96K","0.83%"
"2020년 12월 29일","48.00","47.72","48.35","47.68","213.78K","0.80%"
"2020년 12월 28일","47.62","48.23","48.96","47.50","238.46K","-1.26%"
"2020년 12월 24일","48.23","48.09","48.62","47.56","167.39K","0.23%"
"2020년 12월 23일","48.12","46.79","48.50","46.16","344.31K","2.34%"
"2020년 12월 22일","47.02","47.93","47.96","46.60","295.74K","-1.51%"
"2020년 12월 21일","47.74","48.54","48.61","46.18","27.96K","-2.77%"
"2020년 12월 18일","49.10","48.43","49.28","48.10","83.71K","1.53%"
"2020년 12월 17일","48.36","47.85","48.59","47.81","96.54K","1.13%"
"2020년 12월 16일","47.82","47.60","47.94","47.17","275.33K","0.42%"
"2020년 12월 15일","47.62","46.99","47.73","46.54","311.17K","1.34%"
"2020년 12월 14일","46.99","46.73","47.44","45.69","403.54K","0.90%"
"2020년 12월 11일","46.57","46.97","47.29","46.34","367.31K","-0.45%"
"2020년 12월 10일","46.78","45.69","47.74","45.52","447.53K","2.77%"
"2020년 12월 09일","45.52","45.60","46.24","44.95","434.98K","-0.18%"
"2020년 12월 08일","45.60","45.66","45.93","45.14","332.64K","-0.35%"
"2020년 12월 07일","45.76","46.15","46.54","45.36","348.87K","-1.08%"
"2020년 12월 04일","46.26","45.64","46.68","45.61","335.45K","1.36%"
"2020년 12월 03일","45.64","44.99","45.84","44.66","350.77K","0.80%"
"2020년 12월 02일","45.28","44.38","45.92","43.92","368.85K","1.64%"
"2020년 12월 01일","44.55","45.08","45.70","44.12","314.92K","-1.74%"
"2020년 11월 30일","45.34","45.34","45.80","44.42","370.76K","-0.42%"
"2020년 11월 27일","45.53","45.90","46.09","44.55","365.13K","1.22%"
"2020년 11월 26일","44.98","45.77","46.09","44.73","-","-1.60%"
"2020년 11월 25일","45.71","44.82","46.26","44.73","417.18K","1.78%"
"2020년 11월 24일","44.91","42.84","45.20","42.82","418.53K","4.30%"
"2020년 11월 23일","43.06","42.46","43.36","42.29","300.72K","2.16%"
"2020년 11월 20일","42.15","41.70","42.32","41.51","29.78K","0.98%"
"2020년 11월 19일","41.74","41.61","41.98","41.08","88.14K","-0.19%"
"2020년 11월 18일","41.82","41.35","42.46","41.08","107.01K","0.94%"
"2020년 11월 17일","41.43","41.44","41.69","40.57","243.68K","0.22%"
"2020년 11월 16일","41.34","40.17","42.09","40.15","378.79K","3.02%"
"2020년 11월 13일","40.13","40.94","40.94","40.06","338.19K","-2.41%"
"2020년 11월 12일","41.12","41.47","42.19","40.87","401.03K","-0.80%"
"2020년 11월 11일","41.45","41.79","43.06","41.32","443.77K","0.22%"
"2020년 11월 10일","41.36","39.91","41.84","39.41","457.05K","2.66%"
"2020년 11월 09일","40.29","37.34","41.33","37.16","622.92K","8.48%"
"2020년 11월 06일","37.14","38.54","38.61","37.06","411.03K","-4.25%"
"2020년 11월 05일","38.79","39.17","39.35","38.27","298.37K","-0.92%"
"2020년 11월 04일","39.15","38.15","39.25","37.26","437.00K","3.96%"
"2020년 11월 03일","37.66","37.03","38.32","36.57","410.61K","2.31%"
"2020년 11월 02일","36.81","35.24","37.15","33.64","489.20K","2.85%"
"2020년 10월 30일","35.79","36.07","36.60","35.21","388.97K","-1.05%"
"2020년 10월 29일","36.17","37.39","37.76","34.92","568.82K","-3.26%"
"2020년 10월 28일","37.39","38.97","39.01","36.97","489.95K","-5.51%"
"2020년 10월 27일","39.57","38.59","39.83","38.51","339.54K","2.62%"
"2020년 10월 26일","38.56","39.69","39.74","38.28","360.18K","-3.24%"
"2020년 10월 23일","39.85","40.61","40.92","39.57","268.93K","-1.94%"
"2020년 10월 22일","40.64","40.04","41.02","39.71","307.49K","1.52%"
"2020년 10월 21일","40.03","41.22","41.59","39.78","366.90K","-3.45%"
"2020년 10월 20일","41.46","40.65","41.70","40.25","24.52K","1.54%"
"2020년 10월 19일","40.83","40.69","41.22","40.54","75.34K","-0.12%"
"2020년 10월 16일","40.88","40.88","41.05","40.08","96.49K","-0.20%"
"2020년 10월 15일","40.96","41.13","41.29","39.22","248.25K","-0.19%"
"2020년 10월 14일","41.04","40.19","41.16","39.82","328.30K","2.09%"
"2020년 10월 13일","40.20","39.53","40.53","39.35","375.47K","1.95%"
"2020년 10월 12일","39.43","40.40","40.45","39.04","322.04K","-2.88%"
"2020년 10월 09일","40.60","41.31","41.47","40.38","331.70K","-1.43%"
"2020년 10월 08일","41.19","39.99","41.33","39.76","409.79K","3.10%"
"2020년 10월 07일","39.95","39.83","40.35","39.28","433.07K","-1.77%"
"2020년 10월 06일","40.67","39.35","40.86","39.10","400.53K","3.70%"
"2020년 10월 05일","39.22","37.00","39.72","37.00","378.58K","5.86%"
"2020년 10월 02일","37.05","38.60","38.65","36.63","391.43K","-4.31%"
"2020년 10월 01일","38.72","39.90","40.47","37.61","443.44K","-3.73%"
"2020년 09월 30일","40.22","39.16","40.37","38.68","340.29K","2.37%"
"2020년 09월 29일","39.29","40.58","40.70","38.41","379.60K","-3.23%"
"2020년 09월 28일","40.60","40.07","40.80","39.78","226.43K","0.87%"
"2020년 09월 25일","40.25","40.15","40.64","39.71","229.03K","-0.15%"
"2020년 09월 24일","40.31","39.60","40.37","39.12","269.99K","0.95%"
"2020년 09월 23일","39.93","39.76","40.75","39.26","318.75K","0.83%"
"2020년 09월 22일","39.60","39.63","40.02","39.00","23.22K","0.74%"
"2020년 09월 21일","39.31","40.98","41.27","38.66","66.20K","-4.38%"
"2020년 09월 18일","41.11","40.97","41.49","40.30","73.76K","0.34%"
"2020년 09월 17일","40.97","40.19","41.22","39.42","280.67K","2.02%"
"2020년 09월 16일","40.16","38.35","40.34","38.35","367.61K","4.91%"
"2020년 09월 15일","38.28","37.28","38.57","37.06","348.86K","2.74%"
"2020년 09월 14일","37.26","37.32","37.68","36.82","347.56K","-0.19%"
"2020년 09월 11일","37.33","37.01","37.82","36.67","363.79K","0.08%"
"2020년 09월 10일","37.30","37.80","38.18","36.93","367.56K","-1.97%"
"2020년 09월 09일","38.05","36.79","38.45","36.16","455.36K","3.51%"
"2020년 09월 08일","36.76","39.48","39.59","36.13","720.98K","-6.22%"
"2020년 09월 07일","39.20","38.77","39.53","38.77","-","1.16%"
"2020년 09월 06일","38.75","39.47","39.48","38.57","-","-2.56%"
"2020년 09월 04일","39.77","41.25","41.87","39.35","444.18K","-3.87%"
"2020년 09월 03일","41.37","41.63","41.79","40.22","417.63K","-0.34%"
"2020년 09월 02일","41.51","43.02","43.21","41.23","421.77K","-2.92%"
"2020년 09월 01일","42.76","42.83","43.43","42.72","285.15K","0.35%"
"2020년 08월 31일","42.61","42.91","43.57","42.56","236.88K","-0.84%"
"2020년 08월 28일","42.97","42.98","43.42","42.69","272.80K","-0.16%"
"2020년 08월 27일","43.04","43.45","43.50","42.36","320.97K","-0.81%"
"2020년 08월 26일","43.39","43.39","43.78","43.00","262.24K","0.09%"
"2020년 08월 25일","43.35","42.36","43.57","42.31","330.80K","1.71%"
"2020년 08월 24일","42.62","42.48","42.89","42.23","294.73K","0.66%"
"2020년 08월 21일","42.34","42.75","42.96","41.46","345.37K","-0.56%"
"2020년 08월 20일","42.58","42.74","42.79","41.50","27.43K","-0.82%"
"2020년 08월 19일","42.93","42.60","43.03","42.36","81.30K","0.09%"
"2020년 08월 18일","42.89","42.79","42.99","42.11","111.63K","0.00%"
"2020년 08월 17일","42.89","42.24","42.97","41.80","208.43K","2.09%"
"2020년 08월 14일","42.01","42.33","42.57","41.62","310.87K","-0.54%"
"2020년 08월 13일","42.24","42.57","42.84","42.09","329.51K","-1.01%"
"2020년 08월 12일","42.67","41.62","42.90","41.53","397.83K","2.55%"
"2020년 08월 11일","41.61","41.98","42.94","41.48","432.84K","-0.79%"
"2020년 08월 10일","41.94","41.50","42.33","41.17","367.80K","1.75%"
"2020년 08월 07일","41.22","41.97","42.22","41.06","399.00K","-1.74%"
"2020년 08월 06일","41.95","42.19","42.65","41.61","359.61K","-0.57%"
"2020년 08월 05일","42.19","41.56","43.52","41.47","491.27K","1.18%"
"2020년 08월 04일","41.70","40.78","42.08","40.14","451.58K","1.68%"
"2020년 08월 03일","41.01","40.39","41.24","39.58","338.33K","1.84%"
"2020년 07월 31일","40.27","40.34","40.55","39.66","318.79K","0.88%"
"2020년 07월 30일","39.92","41.32","41.39","38.72","487.33K","-3.27%"
"2020년 07월 29일","41.27","41.13","41.57","40.93","295.86K","0.56%"
"2020년 07월 28일","41.04","41.65","41.93","40.85","276.80K","-1.35%"
"2020년 07월 27일","41.60","41.26","41.82","40.48","377.71K","0.75%"
"2020년 07월 24일","41.29","41.06","41.67","40.66","353.16K","0.54%"
"2020년 07월 23일","41.07","41.95","42.36","40.83","389.41K","-1.98%"
"2020년 07월 22일","41.90","41.54","42.03","41.14","333.65K","-0.14%"
"2020년 07월 21일","41.96","40.65","42.40","40.64","25.62K","2.82%"
"2020년 07월 20일","40.81","40.64","40.91","39.83","60.18K","0.54%"
"2020년 07월 17일","40.59","40.72","40.90","40.02","88.22K","-0.39%"
"2020년 07월 16일","40.75","40.97","41.18","40.52","200.10K","-1.09%"
"2020년 07월 15일","41.20","40.55","41.26","40.08","352.54K","2.26%"
"2020년 07월 14일","40.29","39.60","40.57","39.07","426.97K","0.47%"
"2020년 07월 13일","40.10","40.35","40.72","39.47","370.72K","-1.11%"
"2020년 07월 10일","40.55","39.58","40.77","38.54","393.15K","2.35%"
"2020년 07월 09일","39.62","40.87","40.99","39.27","367.39K","-3.13%"
"2020년 07월 08일","40.90","40.48","41.08","40.30","286.74K","0.69%"
"2020년 07월 07일","40.62","40.68","40.95","39.90","256.60K","-0.02%"
"2020년 07월 06일","40.63","40.31","41.08","39.84","373.24K","0.87%"
"2020년 07월 03일","40.28","40.23","40.50","39.86","-","-0.91%"
"2020년 07월 02일","40.65","39.78","40.74","39.46","347.10K","2.08%"
"2020년 07월 01일","39.82","39.84","40.58","39.05","407.17K","1.40%"
"2020년 06월 30일","39.27","39.64","40.08","38.85","370.06K","-1.08%"
"2020년 06월 29일","39.70","37.96","39.89","37.50","343.91K","3.14%"
"2020년 06월 26일","38.49","39.09","39.35","37.79","356.71K","-0.59%"
"2020년 06월 25일","38.72","38.05","39.23","37.08","451.64K","1.87%"
"2020년 06월 24일","38.01","39.99","40.54","37.31","499.49K","-5.85%"
"2020년 06월 23일","40.37","40.68","41.63","39.76","368.73K","-0.22%"
"2020년 06월 22일","40.46","39.18","40.70","39.12","29.89K","1.79%"
"2020년 06월 19일","39.75","38.85","40.49","38.40","64.11K","2.34%"
"2020년 06월 18일","38.84","37.74","38.97","37.11","113.38K","2.32%"
"2020년 06월 17일","37.96","37.93","38.75","37.21","239.52K","-1.09%"
"2020년 06월 16일","38.38","37.05","39.06","36.38","366.32K","3.39%"
"2020년 06월 15일","37.12","36.03","37.26","34.36","387.55K","2.37%"
"2020년 06월 12일","36.26","36.26","36.99","34.48","406.51K","-0.22%"
"2020년 06월 11일","36.34","39.09","39.09","35.41","513.91K","-8.23%"
"2020년 06월 10일","39.60","38.50","39.91","37.73","385.87K","1.69%"
"2020년 06월 09일","38.94","38.22","39.10","37.07","396.03K","1.96%"
"2020년 06월 08일","38.19","39.41","40.44","37.96","416.64K","-3.44%"
"2020년 06월 05일","39.55","37.33","39.68","37.05","396.86K","5.72%"
"2020년 06월 04일","37.41","36.76","37.62","36.38","307.61K","0.32%"
"2020년 06월 03일","37.29","36.86","38.18","35.88","494.25K","1.30%"
"2020년 06월 02일","36.81","35.56","37.06","35.28","343.48K","3.87%"
"2020년 06월 01일","35.44","35.21","35.90","34.27","385.71K","-0.14%"
"2020년 05월 29일","35.49","33.68","35.77","32.36","443.65K","5.28%"
"2020년 05월 28일","33.71","32.10","34.21","31.14","440.17K","2.74%"
"2020년 05월 27일","32.81","34.14","34.32","31.75","415.25K","-4.48%"
"2020년 05월 26일","34.35","33.30","34.81","32.48","466.74K","1.27%"
"2020년 05월 25일","33.92","32.92","34.18","32.72","-","3.10%"
"2020년 05월 24일","32.90","33.38","33.42","32.50","-","-1.05%"
"2020년 05월 22일","33.25","33.95","34.00","30.72","429.04K","-1.98%"
"2020년 05월 21일","33.92","33.53","34.66","33.26","372.81K","1.28%"
"2020년 05월 20일","33.49","31.89","33.78","31.56","406.43K","3.05%"
"2020년 05월 19일","32.50","32.83","33.44","31.34","36.07K","2.14%"
"2020년 05월 18일","31.82","29.53","33.32","29.53","89.38K","8.12%"
"2020년 05월 15일","29.43","27.64","29.92","27.24","108.02K","6.79%"
"2020년 05월 14일","27.56","25.56","27.96","25.18","160.51K","8.98%"
"2020년 05월 13일","25.29","25.30","26.45","24.79","150.86K","-1.90%"
"2020년 05월 12일","25.78","24.49","26.23","24.22","212.34K","6.79%"
"2020년 05월 11일","24.14","24.49","25.58","23.67","179.59K","-2.43%"
"2020년 05월 08일","24.74","23.35","24.99","23.26","205.18K","5.05%"
"2020년 05월 07일","23.55","24.09","26.74","22.94","310.26K","-1.83%"
"2020년 05월 06일","23.99","25.52","26.08","22.58","381.17K","-2.32%"
"2020년 05월 05일","24.56","21.24","25.49","21.13","387.24K","20.45%"
"2020년 05월 04일","20.39","19.11","21.42","18.05","311.49K","3.08%"
"2020년 05월 01일","19.78","19.04","20.48","18.07","403.20K","4.99%"
"2020년 04월 30일","18.84","15.64","19.44","15.45","545.34K","25.10%"
"2020년 04월 29일","15.06","13.35","16.78","12.67","554.13K","22.04%"
"2020년 04월 28일","12.34","12.96","13.69","10.07","897.09K","-3.44%"
"2020년 04월 27일","12.78","16.84","16.98","11.88","623.20K","-24.56%"
"2020년 04월 24일","16.94","16.78","17.97","15.64","600.22K","2.67%"
"2020년 04월 23일","16.50","14.20","18.26","13.35","833.58K","19.74%"
"2020년 04월 22일","13.78","13.12","16.18","10.26","1.24M","37.66%"
"2020년 04월 21일","10.01","-14.00","13.86","-16.74","18.44K","-126.60%"
"2020년 04월 20일","-37.63","17.73","17.85","-40.32","247.95K","-305.97%"
"2020년 04월 17일","18.27","20.00","20.22","17.31","240.63K","-8.05%"
"2020년 04월 16일","19.87","20.15","20.53","19.42","350.94K","0.00%"
"2020년 04월 15일","19.87","20.72","20.89","19.20","544.80K","-1.19%"
"2020년 04월 14일","20.11","22.36","23.08","19.95","785.48K","-10.26%"
"2020년 04월 13일","22.41","24.60","24.74","22.03","775.12K","-1.54%"
"2020년 04월 09일","22.76","26.28","28.36","22.57","1.12M","-9.29%"
"2020년 04월 08일","25.09","24.30","26.45","23.74","823.55K","6.18%"
"2020년 04월 07일","23.63","26.34","27.24","23.54","797.71K","-9.39%"
"2020년 04월 06일","26.08","26.09","28.24","25.28","752.71K","-7.97%"
"2020년 04월 03일","28.34","24.81","29.13","23.52","1.01M","11.93%"
"2020년 04월 02일","25.32","21.22","27.39","20.76","1.10M","24.67%"
"2020년 04월 01일","20.31","20.10","21.55","19.90","703.29K","-0.83%"
"2020년 03월 31일","20.48","20.23","21.89","20.01","660.08K","1.94%"
"2020년 03월 30일","20.09","20.93","20.93","19.27","758.71K","-6.60%"
"2020년 03월 27일","21.51","23.29","23.44","20.88","603.12K","-4.82%"
"2020년 03월 26일","22.60","24.25","24.65","22.38","633.88K","-7.72%"
"2020년 03월 25일","24.49","24.37","25.24","22.91","618.73K","2.00%"
"2020년 03월 24일","24.01","23.87","25.16","23.09","659.70K","2.78%"
"2020년 03월 23일","23.36","22.52","24.07","20.80","852.95K","4.15%"
"2020년 03월 20일","22.43","24.73","27.89","19.46","29.76K","-11.06%"
"2020년 03월 19일","25.22","22.30","27.71","21.36","136.72K","23.81%"
"2020년 03월 18일","20.37","26.94","27.22","20.06","309.48K","-24.42%"
"2020년 03월 17일","26.95","28.69","30.30","26.63","545.82K","-6.10%"
"2020년 03월 16일","28.70","33.75","33.75","28.10","698.83K","-9.55%"
"2020년 03월 13일","31.73","30.77","33.87","30.33","743.13K","0.73%"
"2020년 03월 12일","31.50","33.07","33.63","30.02","1.03M","-4.49%"
"2020년 03월 11일","32.98","34.62","36.35","32.56","874.65K","-4.02%"
"2020년 03월 10일","34.36","30.37","35.02","30.20","1.06M","10.38%"
"2020년 03월 09일","31.13","32.87","34.88","27.34","1.77M","-24.59%"
"2020년 03월 06일","41.28","46.09","46.38","41.05","1.28M","-10.07%"
"2020년 03월 05일","45.90","47.13","47.57","45.65","704.59K","-1.88%"
"2020년 03월 04일","46.78","46.94","48.41","46.65","745.86K","-0.85%"
"2020년 03월 03일","47.18","47.72","48.66","46.47","1.01M","0.92%"
"2020년 03월 02일","46.75","43.70","47.56","43.32","949.47K","4.45%"
"2020년 02월 28일","44.76","46.49","47.03","43.85","1.10M","-4.95%"
"2020년 02월 27일","47.09","48.63","48.78","45.88","1.01M","-3.37%"
"2020년 02월 26일","48.73","50.08","50.44","48.30","884.48K","-2.34%"
"2020년 02월 25일","49.90","51.37","52.02","49.69","764.99K","-2.97%"
"2020년 02월 24일","51.43","52.60","52.64","50.45","765.52K","-3.65%"
"2020년 02월 21일","53.38","53.74","53.86","52.55","707.56K","-0.74%"
"2020년 02월 20일","53.78","53.50","54.50","53.22","30.67K","0.92%"
"2020년 02월 19일","53.29","52.12","53.66","51.93","113.68K","2.38%"
"2020년 02월 18일","52.05","52.23","52.41","50.88","221.77K","-0.29%"
"2020년 02월 17일","52.20","52.34","52.59","52.05","-","-0.31%"
"2020년 02월 16일","52.36","52.45","52.63","52.34","-","0.60%"
"2020년 02월 14일","52.05","51.51","52.34","51.32","607.34K","1.23%"
"2020년 02월 13일","51.42","51.72","51.96","50.60","745.40K","0.49%"
"2020년 02월 12일","51.17","49.96","51.73","49.95","795.26K","2.46%"
"2020년 02월 11일","49.94","49.61","50.69","49.58","725.73K","0.75%"
"2020년 02월 10일","49.57","50.12","50.49","49.42","715.89K","-1.49%"
"2020년 02월 07일","50.32","51.11","51.48","50.09","768.35K","-1.24%"
"2020년 02월 06일","50.95","51.17","52.20","50.24","750.66K","0.39%"
"2020년 02월 05일","50.75","49.51","51.88","49.47","887.95K","2.30%"
"2020년 02월 04일","49.61","49.94","51.55","49.31","859.36K","-1.00%"
"2020년 02월 03일","50.11","51.01","51.97","49.80","876.04K","-2.81%"
"2020년 01월 31일","51.56","52.92","53.36","50.97","827.91K","-1.11%"
"2020년 01월 30일","52.14","53.09","53.20","51.66","720.12K","-2.23%"
"2020년 01월 29일","53.33","53.97","54.37","52.81","624.98K","-0.28%"
"2020년 01월 28일","53.48","52.77","54.06","52.68","633.96K","0.64%"
"2020년 01월 27일","53.14","53.70","53.71","52.13","712.88K","-1.94%"
"2020년 01월 24일","54.19","55.69","55.95","53.85","586.20K","-2.52%"
"2020년 01월 23일","55.59","56.11","56.27","54.77","704.00K","-2.03%"
"2020년 01월 22일","56.74","58.26","58.38","56.03","620.12K","-2.74%"
"2020년 01월 21일","58.34","59.17","59.73","57.68","50.18K","-0.66%"
"2020년 01월 20일","58.73","59.28","59.32","58.56","-","-0.91%"
"2020년 01월 19일","59.27","59.36","59.66","59.20","-","1.25%"
"2020년 01월 17일","58.54","58.59","58.98","58.27","122.56K","0.03%"
"2020년 01월 16일","58.52","58.10","58.87","57.56","182.87K","1.23%"
"2020년 01월 15일","57.81","58.20","58.36","57.36","433.17K","-0.72%"
"2020년 01월 14일","58.23","58.03","58.72","57.72","507.71K","0.26%"
"2020년 01월 13일","58.08","59.04","59.27","57.91","584.00K","-1.63%"
"2020년 01월 10일","59.04","59.61","59.78","58.85","596.19K","-0.87%"
"2020년 01월 09일","59.56","59.99","60.31","58.66","750.93K","-0.08%"
"2020년 01월 08일","59.61","62.84","65.65","59.15","1.21M","-4.93%"
"2020년 01월 07일","62.70","62.91","63.15","62.11","582.65K","-0.90%"
"2020년 01월 06일","63.27","63.71","64.72","62.64","724.24K","0.35%"
"2020년 01월 03일","63.05","61.18","64.09","61.13","885.86K","3.06%"
"2020년 01월 02일","61.18","61.60","61.60","60.64","486.87K","-0.24%"
"2020년 01월 01일","61.33","61.52","61.54","61.33","-","0.44%"
"2019년 12월 31일","61.06","61.68","61.88","60.63","494.54K","-1.01%"
"2019년 12월 30일","61.68","61.71","62.34","61.09","427.15K","-0.06%"
"2019년 12월 27일","61.72","61.73","61.97","61.24","351.90K","0.06%"
"2019년 12월 26일","61.68","61.20","61.83","61.06","265.09K","0.80%"
"2019년 12월 25일","61.19","61.45","61.52","61.17","-","0.13%"
"2019년 12월 24일","61.11","60.63","61.16","60.47","204.54K","0.97%"
"2019년 12월 23일","60.52","60.41","60.77","60.10","314.71K","0.13%"
"2019년 12월 20일","60.44","61.11","61.20","60.02","552.52K","-1.27%"
"2019년 12월 19일","61.22","60.86","61.47","60.79","35.46K","0.48%"
"2019년 12월 18일","60.93","60.55","61.18","60.32","131.07K","-0.02%"
"2019년 12월 17일","60.94","60.23","61.06","60.03","163.74K","1.21%"
"2019년 12월 16일","60.21","59.87","60.34","59.71","347.40K","0.23%"
"2019년 12월 13일","60.07","59.36","60.48","59.27","512.29K","1.50%"
"2019년 12월 12일","59.18","58.88","59.72","58.75","530.85K","0.71%"
"2019년 12월 11일","58.76","59.06","59.22","58.11","589.65K","-0.81%"
"2019년 12월 10일","59.24","58.92","59.52","58.52","566.82K","0.37%"
"2019년 12월 09일","59.02","59.11","59.25","58.23","511.56K","-0.30%"
"2019년 12월 06일","59.20","58.32","59.85","57.70","679.61K","1.32%"
"2019년 12월 05일","58.43","58.36","59.12","58.10","649.46K","0.00%"
"2019년 12월 04일","58.43","56.43","58.66","56.28","760.54K","4.15%"
"2019년 12월 03일","56.10","55.96","56.80","55.35","560.55K","0.25%"
"2019년 12월 02일","55.96","55.47","56.67","55.42","616.42K","1.43%"
"2019년 11월 29일","55.17","58.13","58.30","55.02","718.72K","-5.01%"
"2019년 11월 28일","58.08","57.97","58.29","57.64","-","-0.05%"
"2019년 11월 27일","58.11","58.27","58.68","57.51","454.26K","-0.51%"
"2019년 11월 26일","58.41","57.92","58.56","57.76","443.82K","0.69%"
"2019년 11월 25일","58.01","57.92","58.15","57.21","420.64K","0.42%"
"2019년 11월 22일","57.77","58.31","58.74","57.50","508.24K","-1.38%"
"2019년 11월 21일","58.58","57.00","58.67","56.60","593.53K","2.57%"
"2019년 11월 20일","57.11","55.16","57.25","54.76","31.92K","3.44%"
"2019년 11월 19일","55.21","56.90","57.11","55.04","121.21K","-3.23%"
"2019년 11월 18일","57.05","57.88","58.09","56.55","159.33K","-1.16%"
"2019년 11월 15일","57.72","56.91","57.97","56.43","375.99K","1.67%"
"2019년 11월 14일","56.77","57.39","57.79","56.63","516.83K","-0.61%"
"2019년 11월 13일","57.12","56.79","57.53","56.20","547.64K","0.56%"
"2019년 11월 12일","56.80","56.89","57.55","56.54","586.57K","-0.11%"
"2019년 11월 11일","56.86","57.40","57.40","56.25","498.98K","-0.66%"
"2019년 11월 08일","57.24","57.08","57.48","55.76","636.94K","0.16%"
"2019년 11월 07일","57.15","56.35","57.88","56.27","678.17K","1.42%"
"2019년 11월 06일","56.35","57.26","57.85","56.11","623.26K","-1.54%"
"2019년 11월 05일","57.23","56.56","57.50","56.30","435.32K","1.22%"
"2019년 11월 04일","56.54","56.41","57.43","55.83","580.35K","0.60%"
"2019년 11월 01일","56.20","54.15","56.33","54.07","538.12K","3.73%"
"2019년 10월 31일","54.18","54.90","55.59","53.71","677.42K","-1.60%"
"2019년 10월 30일","55.06","55.53","55.73","54.42","659.33K","-0.86%"
"2019년 10월 29일","55.54","55.80","55.91","54.61","521.46K","-0.48%"
"2019년 10월 28일","55.81","56.65","56.92","55.58","437.02K","-1.50%"
"2019년 10월 25일","56.66","56.07","56.74","55.60","445.02K","0.76%"
"2019년 10월 24일","56.23","55.90","56.51","55.41","480.76K","0.46%"
"2019년 10월 23일","55.97","54.30","56.07","53.62","620.20K","3.34%"
"2019년 10월 22일","54.16","53.39","54.62","53.10","33.92K","1.59%"
"2019년 10월 21일","53.31","53.71","54.03","52.71","95.98K","-0.87%"
"2019년 10월 18일","53.78","54.09","54.62","53.35","174.48K","-0.28%"
"2019년 10월 17일","53.93","52.99","54.16","52.62","418.42K","1.07%"
"2019년 10월 16일","53.36","52.92","53.74","52.51","451.64K","1.04%"
"2019년 10월 15일","52.81","53.51","53.79","52.39","511.25K","-1.46%"
"2019년 10월 14일","53.59","54.90","54.90","52.77","467.64K","-2.03%"
"2019년 10월 11일","54.70","53.88","54.93","53.64","741.70K","2.15%"
"2019년 10월 10일","53.55","52.69","53.97","51.38","613.94K","1.83%"
"2019년 10월 09일","52.59","52.57","53.74","52.31","632.67K","-0.08%"
"2019년 10월 08일","52.63","52.81","53.27","51.81","658.32K","-0.23%"
"2019년 10월 07일","52.75","52.69","54.06","52.59","549.02K","-0.11%"
"2019년 10월 04일","52.81","52.29","53.35","52.04","541.10K","0.69%"
"2019년 10월 03일","52.45","52.47","52.91","50.99","642.47K","-0.36%"
"2019년 10월 02일","52.64","54.00","54.42","52.17","590.31K","-1.83%"
"2019년 10월 01일","53.62","54.28","54.84","53.05","589.18K","-0.83%"
"2019년 09월 30일","54.07","56.54","56.57","53.98","532.52K","-3.29%"
"2019년 09월 27일","55.91","56.51","56.76","54.75","712.97K","-0.89%"
"2019년 09월 26일","56.41","56.69","56.84","55.41","599.65K","-0.14%"
"2019년 09월 25일","56.49","56.70","57.02","55.55","563.55K","-1.40%"
"2019년 09월 24일","57.29","58.44","58.49","56.69","591.53K","-2.30%"
"2019년 09월 23일","58.64","59.25","59.39","57.37","526.79K","0.95%"
"2019년 09월 20일","58.09","58.65","59.10","57.79","37.98K","-0.07%"
"2019년 09월 19일","58.13","58.20","59.54","58.01","112.33K","0.03%"
"2019년 09월 18일","58.11","58.81","59.43","57.67","216.96K","-2.07%"
"2019년 09월 17일","59.34","61.96","62.59","58.46","993.24K","-5.66%"
"2019년 09월 16일","62.90","61.48","63.38","58.77","1.40M","14.68%"
"2019년 09월 13일","54.85","55.15","55.68","54.44","599.47K","-0.44%"
"2019년 09월 12일","55.09","55.93","56.34","54.00","845.98K","-1.18%"
"2019년 09월 11일","55.75","57.89","58.30","55.61","858.77K","-2.87%"
"2019년 09월 10일","57.40","58.03","58.76","57.20","755.47K","-0.78%"
"2019년 09월 09일","57.85","56.80","58.16","56.58","646.99K","2.35%"
"2019년 09월 06일","56.52","56.19","56.95","54.83","714.29K","0.39%"
"2019년 09월 05일","56.30","55.95","57.76","55.75","712.47K","0.07%"
"2019년 09월 04일","56.26","53.92","56.58","53.84","682.30K","4.30%"
"2019년 09월 03일","53.94","55.00","55.24","52.84","970.80K","-1.32%"
"2019년 09월 02일","54.66","54.81","55.22","54.36","-","-0.26%"
"2019년 09월 01일","54.80","55.00","55.00","54.56","-","-0.54%"
"2019년 08월 30일","55.10","56.63","56.72","54.55","708.27K","-2.84%"
"2019년 08월 29일","56.71","55.88","56.89","55.43","630.76K","1.67%"
"2019년 08월 28일","55.78","55.71","56.75","55.34","674.05K","1.55%"
"2019년 08월 27일","54.93","53.76","55.72","53.69","596.62K","2.40%"
"2019년 08월 26일","53.64","53.25","55.26","52.96","679.02K","-0.98%"
"2019년 08월 23일","54.17","55.35","55.60","53.24","807.15K","-2.13%"
"2019년 08월 22일","55.35","55.94","56.46","54.85","621.57K","-0.59%"
"2019년 08월 21일","55.68","56.05","57.13","55.55","704.04K","-1.17%"
"2019년 08월 20일","56.34","56.10","56.60","55.28","47.45K","0.23%"
"2019년 08월 19일","56.21","54.96","56.41","54.84","113.57K","2.44%"
"2019년 08월 16일","54.87","54.74","55.67","54.26","168.35K","0.73%"
"2019년 08월 15일","54.47","54.90","55.33","53.77","527.87K","-1.38%"
"2019년 08월 14일","55.23","56.74","56.85","53.97","718.29K","-3.27%"
"2019년 08월 13일","57.10","54.73","57.47","54.21","783.49K","3.95%"
"2019년 08월 12일","54.93","54.32","55.18","53.54","611.03K","0.79%"
"2019년 08월 09일","54.50","52.88","54.92","52.37","726.39K","3.73%"
"2019년 08월 08일","52.54","52.33","53.06","51.94","724.76K","2.84%"
"2019년 08월 07일","51.09","53.42","53.77","50.52","1.06M","-4.74%"
"2019년 08월 06일","53.63","54.95","55.42","53.29","682.79K","-1.94%"
"2019년 08월 05일","54.69","55.38","55.61","54.22","823.84K","-1.74%"
"2019년 08월 02일","55.66","54.54","56.05","54.15","739.81K","3.17%"
"2019년 08월 01일","53.95","57.85","57.99","53.59","886.75K","-7.90%"
"2019년 07월 31일","58.58","58.34","58.82","57.81","614.00K","0.91%"
"2019년 07월 30일","58.05","57.07","58.47","56.96","547.40K","2.07%"
"2019년 07월 29일","56.87","56.20","57.10","55.81","529.74K","1.19%"
"2019년 07월 26일","56.20","55.93","56.57","55.68","476.79K","0.32%"
"2019년 07월 25일","56.02","55.90","56.99","55.81","559.28K","0.25%"
"2019년 07월 24일","55.88","57.23","57.64","55.33","745.25K","-1.57%"
"2019년 07월 23일","56.77","56.17","57.47","55.74","521.88K","0.98%"
"2019년 07월 22일","56.22","56.22","56.84","55.72","24.30K","1.06%"
"2019년 07월 19일","55.63","55.72","56.36","54.99","105.22K","0.60%"
"2019년 07월 18일","55.30","56.60","57.32","54.72","215.36K","-2.61%"
"2019년 07월 17일","56.78","57.52","58.36","56.21","504.43K","-1.46%"
"2019년 07월 16일","57.62","59.26","60.06","57.07","712.54K","-3.29%"
"2019년 07월 15일","59.58","60.25","60.92","59.20","566.82K","-1.05%"
"2019년 07월 12일","60.21","60.46","60.74","59.93","469.03K","0.02%"
"2019년 07월 11일","60.20","60.44","60.94","60.14","573.02K","-0.38%"
"2019년 07월 10일","60.43","58.40","60.53","58.35","690.66K","4.50%"
"2019년 07월 09일","57.83","57.56","59.10","57.29","551.87K","0.29%"
"2019년 07월 08일","57.66","57.77","58.46","57.30","540.86K","0.26%"
"2019년 07월 05일","57.51","57.38","57.82","56.29","698.02K","1.25%"
"2019년 07월 04일","56.80","57.41","57.57","56.48","-","-0.94%"
"2019년 07월 03일","57.34","56.49","57.48","56.04","600.13K","1.94%"
"2019년 07월 02일","56.25","59.14","59.43","56.09","878.94K","-4.81%"
"2019년 07월 01일","59.09","59.27","60.28","58.34","674.89K","1.06%"
"2019년 06월 28일","58.47","59.22","59.80","57.75","556.10K","-1.62%"
"2019년 06월 27일","59.43","59.27","59.73","58.61","531.41K","0.08%"
"2019년 06월 26일","59.38","58.84","59.93","58.65","686.82K","2.68%"
"2019년 06월 25일","57.83","57.74","58.84","57.20","673.14K","-0.12%"
"2019년 06월 24일","57.90","57.72","58.22","56.75","597.16K","0.82%"
"2019년 06월 21일","57.43","57.26","57.98","56.66","676.05K","1.38%"
"2019년 06월 20일","56.65","54.12","57.02","54.11","27.88K","5.38%"
"2019년 06월 19일","53.76","54.09","54.42","53.28","122.84K","-0.26%"
"2019년 06월 18일","53.90","51.95","54.31","51.50","181.64K","3.79%"
"2019년 06월 17일","51.93","52.50","52.74","51.58","397.87K","-1.10%"
"2019년 06월 14일","52.51","52.18","52.98","51.70","574.23K","0.44%"
"2019년 06월 13일","52.28","51.07","53.45","50.92","945.02K","2.23%"
"2019년 06월 12일","51.14","53.04","53.05","50.72","786.11K","-4.00%"
"2019년 06월 11일","53.27","53.43","54.04","52.91","642.94K","0.02%"
"2019년 06월 10일","53.26","54.24","54.84","53.05","687.15K","-1.35%"
"2019년 06월 07일","53.99","53.10","54.32","52.62","828.13K","2.66%"
"2019년 06월 06일","52.59","51.66","53.30","51.17","790.07K","1.76%"
"2019년 06월 05일","51.68","52.86","53.41","50.60","943.19K","-3.37%"
"2019년 06월 04일","53.48","52.89","53.78","52.43","831.63K","0.43%"
"2019년 06월 03일","53.25","53.42","54.63","52.11","984.31K","-0.47%"
"2019년 05월 31일","53.50","56.46","56.61","53.05","1.03M","-5.46%"
"2019년 05월 30일","56.59","59.12","59.70","56.33","842.28K","-3.77%"
"2019년 05월 29일","58.81","59.07","59.14","56.88","1.12M","-0.56%"
"2019년 05월 28일","59.14","58.94","59.57","58.13","1.02M","-0.03%"
"2019년 05월 27일","59.16","58.77","59.26","58.14","-","0.66%"
"2019년 05월 26일","58.77","58.94","59.00","58.67","-","0.24%"
"2019년 05월 24일","58.63","58.21","59.10","57.50","758.10K","1.24%"
"2019년 05월 23일","57.91","61.31","61.41","57.33","1.11M","-5.71%"
"2019년 05월 22일","61.42","62.95","63.00","61.03","766.73K","-2.49%"
"2019년 05월 21일","62.99","63.22","63.60","62.75","28.91K","-0.17%"
"2019년 05월 20일","63.10","62.93","63.81","62.45","131.89K","0.54%"
"2019년 05월 17일","62.76","63.12","63.64","62.52","215.80K","-0.17%"
"2019년 05월 16일","62.87","62.12","63.48","62.08","545.68K","1.37%"
"2019년 05월 15일","62.02","61.37","62.34","60.85","723.00K","0.39%"
"2019년 05월 14일","61.78","60.86","62.11","60.69","751.67K","1.21%"
"2019년 05월 13일","61.04","61.65","63.33","60.64","1.00M","-1.01%"
"2019년 05월 10일","61.66","61.64","62.49","61.42","786.49K","-0.06%"
"2019년 05월 09일","61.70","62.02","62.21","60.92","769.58K","-0.68%"
"2019년 05월 08일","62.12","61.44","62.37","61.07","791.77K","1.17%"
"2019년 05월 07일","61.40","62.17","62.49","60.66","842.81K","-1.37%"
"2019년 05월 06일","62.25","61.43","62.95","60.04","768.81K","0.50%"
"2019년 05월 03일","61.94","61.55","62.52","61.30","646.87K","0.21%"
"2019년 05월 02일","61.81","63.61","63.68","60.95","914.66K","-2.81%"
"2019년 05월 01일","63.60","63.40","63.93","62.77","676.87K","-0.49%"
"2019년 04월 30일","63.91","63.58","64.75","63.30","750.49K","0.65%"
"2019년 04월 29일","63.50","62.95","63.69","62.46","654.08K","0.32%"
"2019년 04월 26일","63.30","65.13","65.18","62.28","1.00M","-2.93%"
"2019년 04월 25일","65.21","65.81","66.28","64.90","603.00K","-1.03%"
"2019년 04월 24일","65.89","66.17","66.43","65.66","678.39K","-0.62%"
"2019년 04월 23일","66.30","65.75","66.60","65.58","700.60K","0.91%"
"2019년 04월 22일","65.70","64.00","65.92","64.00","30.14K","2.66%"
"2019년 04월 18일","64.00","63.75","64.16","63.46","148.24K","0.38%"
"2019년 04월 17일","63.76","64.32","64.61","63.66","235.38K","-0.45%"
"2019년 04월 16일","64.05","63.57","64.37","62.99","547.47K","1.03%"
"2019년 04월 15일","63.40","63.76","63.84","63.03","555.86K","-0.77%"
"2019년 04월 12일","63.89","63.71","64.65","63.66","625.59K","0.49%"
"2019년 04월 11일","63.58","64.48","64.49","63.31","760.50K","-1.59%"
"2019년 04월 10일","64.61","64.22","64.70","64.05","722.22K","0.98%"
"2019년 04월 09일","63.98","64.40","64.79","63.68","790.68K","-0.65%"
"2019년 04월 08일","64.40","63.33","64.48","63.13","895.77K","2.09%"
"2019년 04월 05일","63.08","62.18","63.34","61.82","686.86K","1.58%"
"2019년 04월 04일","62.10","62.50","62.77","61.89","684.97K","-0.58%"
"2019년 04월 03일","62.46","62.64","62.99","62.05","799.67K","-0.19%"
"2019년 04월 02일","62.58","61.81","62.75","61.60","793.23K","1.61%"
"2019년 04월 01일","61.59","60.24","61.80","60.13","670.81K","2.41%"
"2019년 03월 29일","60.14","59.53","60.73","59.41","705.56K","1.42%"
"2019년 03월 28일","59.30","59.40","59.56","58.20","712.21K","-0.19%"
"2019년 03월 27일","59.41","60.03","60.22","58.81","732.15K","-0.88%"
"2019년 03월 26일","59.94","59.12","60.38","59.04","685.99K","1.90%"
"2019년 03월 25일","58.82","58.98","59.35","58.17","705.40K","-0.37%"
"2019년 03월 22일","59.04","59.87","60.07","58.28","738.84K","-1.57%"
"2019년 03월 21일","59.98","59.99","60.39","59.66","655.38K","0.25%"
"2019년 03월 20일","59.83","59.02","60.12","58.39","31.13K","1.36%"
"2019년 03월 19일","59.03","59.01","59.57","58.62","114.82K","-0.10%"
"2019년 03월 18일","59.09","58.45","59.23","58.05","157.24K","0.97%"
"2019년 03월 15일","58.52","58.51","58.95","57.74","507.39K","-0.15%"
"2019년 03월 14일","58.61","58.35","58.74","58.00","567.60K","0.60%"
"2019년 03월 13일","58.26","57.09","58.48","57.01","610.62K","2.44%"
"2019년 03월 12일","56.87","56.76","57.55","56.74","652.80K","0.14%"
"2019년 03월 11일","56.79","56.07","57.01","55.96","597.16K","1.28%"
"2019년 03월 08일","56.07","56.43","56.51","54.52","747.36K","-1.04%"
"2019년 03월 07일","56.66","56.20","56.99","56.08","628.82K","0.78%"
"2019년 03월 06일","56.22","56.28","56.40","55.42","637.68K","-0.60%"
"2019년 03월 05일","56.56","56.45","57.19","56.09","538.40K","-0.05%"
"2019년 03월 04일","56.59","55.83","57.00","55.81","549.40K","1.42%"
"2019년 03월 01일","55.80","57.22","57.88","55.57","684.19K","-2.48%"
"2019년 02월 28일","57.22","57.00","57.43","56.43","496.68K","0.49%"
"2019년 02월 27일","56.94","55.95","57.39","55.72","577.23K","2.59%"
"2019년 02월 26일","55.50","55.46","56.08","55.02","538.92K","0.04%"
"2019년 02월 25일","55.48","57.17","57.53","55.08","723.01K","-3.11%"
"2019년 02월 22일","57.26","56.84","57.81","56.71","513.44K","0.53%"
"2019년 02월 21일","56.96","57.24","57.61","56.64","546.20K","0.07%"
"2019년 02월 20일","56.92","55.94","57.55","55.48","37.68K","1.48%"
"2019년 02월 19일","56.09","55.78","56.33","55.29","153.73K","-0.32%"
"2019년 02월 18일","56.27","56.33","56.73","56.12","-","-0.11%"
"2019년 02월 17일","56.33","56.17","56.39","56.11","-","1.33%"
"2019년 02월 15일","55.59","54.48","55.87","54.24","276.91K","2.17%"
"2019년 02월 14일","54.41","53.96","54.68","53.08","623.55K","0.95%"
"2019년 02월 13일","53.90","53.35","54.60","53.27","706.55K","1.51%"
"2019년 02월 12일","53.10","52.47","54.05","52.29","708.31K","1.32%"
"2019년 02월 11일","52.41","52.66","52.78","51.23","750.24K","-0.59%"
"2019년 02월 08일","52.72","52.59","52.99","52.08","621.00K","0.15%"
"2019년 02월 07일","52.64","53.94","54.21","51.80","749.01K","-2.54%"
"2019년 02월 06일","54.01","53.73","54.30","52.86","606.72K","0.65%"
"2019년 02월 05일","53.66","54.86","55.21","53.47","609.76K","-1.65%"
"2019년 02월 04일","54.56","55.32","55.75","53.29","622.47K","-1.27%"
"2019년 02월 01일","55.26","54.01","55.66","53.37","689.57K","2.73%"
"2019년 01월 31일","53.79","54.28","55.37","53.62","718.65K","-0.81%"
"2019년 01월 30일","54.23","53.24","54.93","53.09","731.31K","1.73%"
"2019년 01월 29일","53.31","52.12","53.93","51.84","660.53K","2.54%"
"2019년 01월 28일","51.99","53.56","53.64","51.33","650.67K","-3.17%"
"2019년 01월 25일","53.69","53.17","53.94","52.91","593.39K","1.05%"
"2019년 01월 24일","53.13","52.45","53.47","52.07","714.42K","0.97%"
"2019년 01월 23일","52.62","52.95","53.64","51.86","702.87K","0.10%"
"2019년 01월 22일","52.57","53.73","54.24","51.80","46.03K","-3.08%"
"2019년 01월 21일","54.24","53.66","54.48","53.58","-","1.10%"
"2019년 01월 20일","53.65","53.97","54.05","53.59","-","-0.28%"
"2019년 01월 18일","53.80","52.23","53.92","52.09","193.10K","3.32%"
"2019년 01월 17일","52.07","52.30","52.58","50.98","288.56K","-0.46%"
"2019년 01월 16일","52.31","52.00","52.52","51.26","694.18K","0.38%"
"2019년 01월 15일","52.11","50.78","52.30","50.64","664.18K","3.17%"
"2019년 01월 14일","50.51","51.73","52.11","50.38","791.53K","-2.09%"
"2019년 01월 11일","51.59","52.28","53.31","51.18","812.34K","-1.90%"
"2019년 01월 10일","52.59","52.18","52.78","51.37","821.78K","0.44%"
"2019년 01월 09일","52.36","49.80","52.58","49.71","891.92K","5.18%"
"2019년 01월 08일","49.78","48.73","49.95","48.31","765.98K","2.60%"
"2019년 01월 07일","48.52","48.30","49.79","48.11","819.94K","1.17%"
"2019년 01월 04일","47.96","46.90","49.22","46.65","817.28K","1.85%"
"2019년 01월 03일","47.09","46.26","47.49","45.35","788.72K","1.18%"
"2019년 01월 02일","46.54","45.80","47.78","44.35","850.48K","1.42%"
"2019년 01월 01일","45.89","45.77","45.95","45.73","-","1.06%"